"ENAUT_Id","ENAUT_Entscheidung","ENAUT_Autor"
1,4,1
2,6,1
3,15,1
4,7,1
5,8,1
6,9,1
7,10,1
8,11,1
9,12,1
10,13,1
11,14,1
12,16,1
13,18,1
14,17,1
15,22,1
16,21,1
18,19,1
19,23,1
20,24,1
21,25,1
22,26,1
23,27,1
24,28,1
25,29,1
26,30,1
27,31,1
28,32,1
29,33,1
30,34,1
31,35,1
32,36,1
33,37,1
34,38,1
35,39,1
36,40,1
37,41,1
38,42,1
39,43,1
40,44,1
41,45,73
42,46,73
43,47,73
44,48,73
45,49,73
46,50,73
47,51,73
48,52,73
49,53,73
51,55,73
52,56,73
53,54,73
54,57,73
55,58,73
56,59,73
57,60,73
58,61,73
59,62,14
60,63,14
61,64,14
62,65,14
63,66,14
64,67,14
65,68,14
66,69,14
67,70,14
68,71,14
69,72,14
70,73,14
71,74,14
72,75,14
73,76,14
74,77,14
75,78,14
76,79,14
77,80,14
78,81,14
79,82,14
80,83,14
81,84,14
82,85,14
83,86,14
84,87,14
85,88,14
86,89,14
87,90,14
88,91,14
89,92,14
90,93,14
91,94,14
92,95,14
93,96,14
94,97,14
95,98,14
96,99,14
97,100,3
98,101,3
99,102,3
100,103,3
101,104,3
102,105,3
103,106,3
104,107,3
105,108,3
106,109,3
107,110,3
108,112,2
109,113,2
110,114,2
111,115,2
112,116,2
113,117,2
114,118,2
115,119,2
116,120,2
117,121,2
118,122,2
119,123,2
120,124,2
121,125,2
122,127,74
123,128,74
124,129,74
125,130,5
126,131,5
127,132,5
128,133,5
129,134,5
130,135,5
131,135,6
132,136,5
133,136,6
134,137,5
135,137,6
136,138,5
137,138,6
138,139,5
139,139,6
140,140,5
141,140,6
142,141,5
143,141,6
144,142,5
145,142,6
146,143,5
147,143,6
148,144,5
149,144,6
150,145,5
151,145,6
152,146,5
153,146,6
154,147,5
155,147,6
156,148,7
157,149,7
158,150,7
159,151,7
160,152,7
161,153,7
162,154,7
163,155,7
164,156,7
165,157,7
166,158,7
167,159,7
168,160,7
169,161,7
170,162,7
171,163,7
172,164,7
173,165,7
174,166,7
175,167,7
176,168,7
177,169,7
178,170,7
179,171,7
180,172,7
181,173,7
182,174,7
183,175,7
184,176,7
185,177,7
186,178,7
187,179,7
188,180,7
189,181,8
190,182,8
191,183,8
192,184,75
193,185,8
194,185,75
195,184,8
196,186,8
197,186,75
198,187,8
199,187,75
200,188,8
201,188,75
202,189,9
203,190,9
204,191,9
205,192,9
206,193,9
207,194,9
208,195,9
209,196,9
210,197,9
211,198,10
212,199,10
213,200,15
214,202,15
215,203,15
216,204,15
217,205,15
218,206,15
219,207,15
220,208,15
221,209,15
222,210,15
223,211,15
224,212,15
225,213,15
226,214,15
227,215,15
228,216,15
229,217,15
230,218,15
231,219,15
232,220,15
233,221,15
234,222,15
235,223,15
236,224,15
237,225,15
238,226,15
239,227,15
240,228,15
241,229,15
242,230,15
243,231,15
244,232,15
245,233,15
246,234,15
247,235,15
248,237,15
249,238,15
250,239,15
251,240,15
252,241,15
253,242,15
254,243,15
255,244,15
256,245,15
257,246,15
258,247,15
259,248,15
260,249,15
261,250,15
262,251,15
263,252,15
264,253,15
265,254,15
266,256,15
267,257,15
268,258,17
269,259,17
270,260,17
271,261,17
272,263,17
273,264,17
274,265,17
275,266,17
276,267,17
277,268,17
278,269,17
279,270,17
280,271,17
281,272,17
282,273,17
283,274,17
284,275,17
285,276,17
286,277,17
287,278,17
288,279,17
289,280,17
290,281,17
291,283,17
292,284,17
293,285,17
295,286,17
296,287,17
297,288,17
298,289,17
299,290,17
300,291,17
301,292,17
302,293,17
303,294,17
304,295,17
305,296,17
306,297,17
307,298,17
308,299,17
309,301,17
310,302,17
311,303,17
312,304,17
314,306,17
315,307,17
316,308,17
317,309,17
318,310,17
319,311,17
320,312,17
321,313,17
322,314,17
323,315,17
324,316,17
325,317,17
326,318,17
327,319,17
328,320,17
329,321,17
330,322,17
331,323,17
332,324,17
334,325,17
335,326,17
336,327,17
337,328,17
338,329,17
339,330,17
340,331,17
341,332,17
342,333,17
343,334,17
344,335,17
345,336,17
346,337,18
347,337,41
348,338,18
349,338,41
350,339,18
351,339,41
352,340,18
353,340,41
354,341,18
355,341,41
356,342,18
357,342,41
358,343,18
359,343,41
360,344,18
361,344,41
362,345,18
363,345,41
364,346,18
365,346,41
366,347,18
367,347,41
368,348,18
369,348,41
370,349,18
371,349,41
372,350,18
373,350,41
374,352,18
375,352,41
376,353,18
377,354,18
378,355,18
379,356,18
380,357,18
381,358,18
382,359,18
383,360,19
384,361,19
385,362,19
386,363,19
387,364,20
388,364,21
389,365,20
390,365,21
391,366,20
392,366,21
393,367,20
394,367,21
395,369,20
396,369,21
397,370,20
398,370,21
399,371,20
400,371,21
401,372,76
402,373,76
403,374,76
404,375,76
405,376,76
406,377,76
407,378,76
408,379,24
409,380,24
410,381,24
411,382,24
412,384,24
413,383,24
414,385,24
415,386,24
416,387,24
417,388,24
418,389,24
419,390,25
420,391,25
421,392,25
422,393,25
423,394,25
424,395,25
425,396,25
426,397,25
427,398,25
428,399,25
429,400,25
430,401,25
431,402,25
432,403,25
433,404,25
434,405,25
435,406,25
436,407,25
437,408,25
438,409,25
439,411,25
440,412,25
441,413,25
442,414,25
443,415,25
444,416,25
445,417,25
446,418,25
447,419,25
448,420,25
449,421,25
450,422,25
451,423,25
452,424,25
453,425,26
454,428,26
455,429,26
456,430,26
457,431,26
458,432,26
459,434,26
460,435,26
461,436,26
462,437,26
463,440,26
464,439,26
465,441,26
466,442,26
467,443,26
468,444,26
469,445,26
470,446,26
471,447,26
472,448,26
473,449,26
474,450,26
475,451,26
476,452,26
477,453,26
478,454,26
479,455,26
480,456,26
481,457,26
482,458,26
483,459,26
484,460,26
485,461,26
486,462,26
487,463,26
488,464,26
489,465,28
490,466,28
491,467,28
492,468,28
493,469,28
494,470,28
495,471,29
496,471,42
497,472,29
498,472,42
499,473,29
500,473,42
501,474,29
502,474,42
503,475,29
504,475,42
506,476,29
507,477,29
508,478,29
509,479,29
510,480,29
511,481,29
512,482,29
513,483,29
514,484,29
515,485,29
516,486,29
517,487,29
518,488,29
519,489,29
520,490,31
521,490,32
522,491,31
523,491,32
524,492,31
525,492,32
526,493,31
527,493,32
528,494,31
529,494,32
530,495,31
531,495,32
532,496,31
533,496,32
534,497,31
535,497,32
536,498,31
537,498,32
538,499,31
539,499,32
540,500,31
541,500,32
542,501,31
543,501,32
544,502,31
545,502,32
546,503,31
547,503,32
548,504,31
549,504,32
550,505,31
551,505,32
552,506,31
553,506,32
554,507,31
555,507,32
556,508,31
557,508,32
558,509,31
559,509,32
560,510,31
561,510,32
562,511,31
563,511,32
564,512,31
565,512,32
566,513,31
567,513,32
568,514,31
569,514,32
570,515,31
571,515,32
572,516,31
573,516,32
574,517,31
575,517,32
576,518,31
577,518,32
578,519,31
579,519,32
580,520,31
581,520,32
582,521,31
583,521,32
584,522,31
585,522,32
586,523,31
587,523,32
588,525,30
589,525,33
590,524,30
591,524,33
592,526,30
593,526,33
594,527,30
595,527,33
596,528,30
597,528,33
598,529,30
599,529,33
600,530,33
601,530,30
602,531,30
603,531,33
604,532,33
605,533,33
606,534,33
607,535,33
608,536,33
609,537,33
610,538,35
611,539,35
612,540,35
613,542,35
614,543,35
615,544,35
616,545,35
617,546,34
618,547,34
619,548,34
620,549,34
621,550,34
622,551,34
623,552,34
624,553,34
625,554,34
626,555,34
627,556,34
628,557,37
629,557,45
630,558,37
631,558,45
632,559,37
633,559,45
634,560,38
635,561,38
636,562,38
637,563,38
638,564,38
639,565,38
640,566,38
641,567,38
642,568,38
643,569,38
644,570,38
645,571,38
646,572,38
647,573,38
648,574,38
649,575,38
650,576,38
651,577,39
652,578,39
653,579,39
654,580,39
655,581,39
656,582,39
657,583,39
658,584,39
659,585,39
660,586,39
661,587,35
662,588,35
663,589,16
664,591,16
665,590,16
666,592,16
667,593,16
668,594,16
669,595,16
670,596,16
671,597,16
672,598,16
673,599,16
674,600,16
675,601,16
676,602,16
677,603,16
678,604,16
679,605,16
680,606,16
681,607,16
682,608,16
683,609,16
684,610,16
685,611,16
686,612,16
687,613,16
688,614,16
689,615,16
690,616,16
691,617,16
692,618,16
693,621,44
694,619,44
695,620,44
696,622,44
697,623,44
698,624,40
699,625,40
700,626,40
701,627,40
702,628,40
703,629,40
704,630,12
705,630,11
706,630,13
707,631,11
708,631,12
709,631,13
710,632,11
711,632,12
712,632,13
713,633,11
714,633,12
715,633,13
716,656,28
717,659,24
718,660,24
719,661,24
720,662,24
721,666,24
722,665,24
723,664,24
724,663,24
725,667,16
726,668,16
727,669,16
728,670,16
729,671,16
730,672,16
731,673,1
732,674,1
733,675,1
734,676,1
735,677,1
736,678,1
737,679,1
738,680,1
739,681,1
740,682,1
741,683,1
742,684,1
743,685,1
744,686,1
745,689,1
746,690,2
747,691,2
748,692,2
749,693,2
750,694,2
751,695,2
752,696,2
753,697,2
754,698,2
755,699,2
756,700,2
757,701,2
758,702,3
759,704,3
760,703,3
761,705,3
762,706,3
763,707,3
764,708,3
765,709,4
766,710,4
767,711,4
768,712,4
769,713,4
770,714,4
771,715,4
772,716,4
773,717,4
774,718,4
775,719,4
776,720,4
777,721,4
778,722,5
779,723,5
780,724,5
781,725,5
782,726,5
783,727,5
784,728,5
785,729,5
786,730,5
787,731,5
788,732,5
789,733,5
790,734,5
791,735,5
792,736,7
793,738,7
794,737,7
795,739,7
796,740,7
797,741,7
798,742,7
799,743,7
800,744,7
801,745,7
802,746,7
803,747,7
804,748,7
805,749,8
806,750,8
807,751,8
808,752,10
809,753,10
810,754,10
811,755,9
812,756,9
813,757,9
814,758,12
815,758,11
816,758,13
817,759,12
818,759,11
819,759,13
820,760,12
821,760,11
822,760,13
823,761,12
824,761,11
825,761,13
826,762,12
827,762,11
828,762,13
829,763,12
830,763,11
831,763,13
832,764,12
833,764,11
834,764,13
835,765,12
836,765,11
837,765,13
838,766,12
839,766,11
840,766,13
841,767,12
842,767,11
843,767,13
844,768,12
845,768,11
846,768,13
847,769,12
848,769,11
849,769,13
850,770,12
851,770,11
852,770,13
853,770,77
854,771,12
855,771,11
856,771,13
857,771,77
858,772,12
859,772,11
860,772,13
861,772,77
862,773,12
863,773,11
864,773,13
865,773,77
866,774,12
867,774,11
868,774,13
869,774,77
870,775,14
871,776,14
872,777,14
873,778,14
874,779,14
875,780,14
876,781,14
877,782,14
878,783,14
879,784,14
880,785,14
881,786,14
882,787,14
883,788,14
884,789,14
885,790,14
886,791,14
887,792,14
888,793,14
889,794,14
890,795,14
891,797,15
892,798,15
893,799,15
894,800,15
895,801,15
896,802,15
897,803,15
898,804,15
899,806,15
900,807,15
901,808,15
902,809,15
903,810,15
904,811,15
905,812,15
906,813,15
907,815,15
908,816,15
909,817,15
910,818,15
911,819,15
912,820,15
913,821,15
914,822,15
915,823,15
916,824,16
917,825,16
918,826,16
919,827,16
920,828,16
921,829,16
922,830,16
923,831,16
924,832,16
925,833,16
926,834,16
927,835,16
928,836,16
929,837,16
930,838,16
931,839,16
932,840,16
933,841,16
934,842,16
935,843,16
936,844,16
937,845,16
938,846,17
939,847,17
940,848,17
941,849,17
942,850,17
943,851,17
944,852,17
945,853,17
946,854,17
947,855,17
948,856,17
949,857,17
950,858,17
951,859,17
952,860,17
953,861,18
954,862,18
955,863,18
956,864,18
957,865,18
958,866,18
959,867,18
960,867,41
961,868,18
962,868,41
963,869,18
964,869,41
965,870,18
966,870,41
967,871,18
968,871,41
969,872,19
970,874,20
971,874,21
972,873,19
973,875,20
974,875,21
975,876,20
976,876,21
977,877,20
978,877,21
979,878,20
980,878,21
981,879,20
982,879,21
983,880,20
984,880,21
985,881,25
986,882,25
987,883,25
988,884,25
989,885,25
990,886,25
991,887,25
992,888,25
993,889,25
994,890,25
995,891,25
996,892,25
997,893,25
998,894,26
999,426,26
1000,895,26
1001,896,26
1002,897,26
1003,898,26
1004,899,26
1005,900,26
1006,901,26
1007,902,26
1008,903,26
1009,904,26
1010,905,26
1011,906,26
1012,907,26
1013,908,26
1014,909,26
1015,910,26
1016,911,26
1017,912,28
1018,913,28
1019,914,28
1020,915,28
1021,916,30
1022,917,30
1023,918,30
1024,919,30
1025,920,30
1026,921,30
1027,922,30
1028,923,30
1029,924,30
1030,925,30
1031,926,30
1032,927,30
1033,928,30
1034,928,33
1035,929,30
1036,929,33
1037,926,33
1038,927,33
1039,930,30
1040,930,33
1041,931,30
1042,931,33
1043,932,30
1044,932,33
1045,933,30
1046,933,33
1047,934,30
1048,934,33
1049,935,30
1050,935,33
1051,936,30
1052,936,33
1053,937,30
1054,937,33
1055,938,34
1056,925,33
1057,939,34
1058,940,34
1059,941,34
1060,942,34
1061,943,36
1062,944,36
1063,945,36
1064,946,36
1065,947,38
1066,948,38
1067,949,38
1068,950,38
1069,951,38
1070,952,38
1071,953,38
1072,954,38
1073,955,38
1074,956,38
1075,957,38
1076,958,38
1077,959,38
1078,960,38
1079,961,39
1080,962,39
1081,963,39
1082,964,28
1083,965,28
1084,966,3
1085,967,4
1086,968,4
1087,969,4
1088,970,4
1089,971,4
1090,972,4
1091,973,4
1092,974,4
1093,975,4
1094,976,4
1095,977,4
1096,978,4
1097,979,4
1098,980,4
1099,981,4
1100,982,4
1101,983,4
1102,984,4
1103,985,20
1104,985,21
1105,986,21
1106,986,20
1107,987,20
1108,987,21
1109,988,20
1110,988,21
1111,989,24
1112,990,24
1113,991,24
1114,992,24
1115,993,24
1116,994,29
1117,995,29
1118,996,29
1119,997,29
1120,998,29
1121,999,29
1122,1000,29
1123,1001,29
1124,1002,29
1125,1003,29
1126,1004,29
1127,1005,29
1128,1006,29
1129,1007,29
1130,1008,29
1131,1009,29
1132,1010,29
1133,1011,29
1134,1012,29
1135,1013,29
1136,1014,29
1137,1015,29
1138,1016,29
1139,1017,29
1140,1018,29
1141,1019,59
1142,1020,59
1143,1021,59
1144,1022,59
1145,1024,59
1146,1025,59
1147,1025,72
1148,1026,59
1149,1026,72
1150,1019,72
1151,1020,72
1152,1021,72
1153,1022,72
1154,1023,59
1155,1023,72
1156,1024,72
1157,1027,59
1158,1027,72
1159,1028,59
1160,1028,72
1161,1029,59
1162,1029,72
1163,1030,59
1164,1030,72
1165,1031,59
1166,1031,72
1167,1032,59
1168,1032,72
1169,1033,59
1170,1033,72
1171,1034,59
1172,1034,72
1173,1035,59
1174,1035,72
1175,1036,59
1176,1036,72
1177,1037,59
1178,1037,72
1179,1038,59
1180,1038,72
1181,1039,59
1182,1039,72
1183,1040,59
1184,1040,72
1185,1041,59
1186,1041,72
1187,1042,59
1188,1042,72
1189,1043,59
1190,1043,72
1191,1044,73
1192,1045,73
1193,1046,73
1194,1047,73
1195,1048,73
1196,1049,73
1197,1050,73
1198,1051,73
1199,1052,73
1200,1053,73
1201,1054,73
1202,1055,73
1203,1056,73
1204,1057,73
1205,1058,73
1206,1059,73
1207,1060,73
1208,1061,73
1209,1062,73
1210,1063,71
1211,1063,61
1212,1064,71
1213,1064,61
1214,1065,71
1215,1065,61
1216,1066,71
1217,1066,61
1218,1067,71
1219,1067,61
1220,1068,71
1221,1068,61
1222,1069,71
1223,1069,61
1224,1070,71
1225,1070,61
1226,1071,71
1227,1071,61
1228,1072,71
1229,1072,61
1230,1073,71
1231,1073,61
1232,1074,11
1233,1074,12
1234,1075,11
1235,1075,53
1236,1076,11
1237,1076,53
1238,1077,11
1239,1077,53
1240,1078,11
1241,1078,12
1242,1078,46
1243,1079,11
1244,1079,12
1245,1079,46
1246,1080,11
1247,1080,12
1248,1080,46
1249,1081,11
1250,1081,12
1251,1082,11
1252,1082,12
1253,1083,11
1254,1083,13
1255,1084,11
1256,1084,13
1257,1085,11
1258,1085,12
1259,1085,13
1260,1086,11
1261,1086,12
1262,1086,13
1263,1087,11
1264,1087,13
1265,1088,11
1266,1088,50
1267,1089,11
1268,1089,13
1269,1089,65
1270,1090,11
1271,1090,13
1272,1090,65
1273,1091,2
1274,1092,2
1275,1093,2
1276,1094,2
1277,1095,2
1278,1096,2
1279,1097,2
1280,1098,2
1281,1099,2
1282,1100,2
1283,1101,2
1284,1102,2
1285,1103,2
1286,1104,2
1287,1105,2
1288,1106,2
1289,1107,2
1290,1108,2
1291,1109,2
1292,1110,2
1293,1111,2
1294,1112,52
1295,1112,63
1296,1113,52
1297,1113,63
1298,1114,52
1299,1114,63
1300,1115,52
1301,1115,63
1302,1116,52
1303,1116,63
1304,1117,52
1305,1117,63
1306,1118,52
1307,1118,63
1308,1119,52
1309,1119,63
1310,1120,52
1311,1120,63
1312,1121,52
1313,1121,63
1314,1122,52
1315,1122,63
1316,1123,52
1317,1123,63
1318,1124,52
1319,1124,63
1320,1125,52
1321,1125,63
1322,1126,52
1323,1126,63
1324,1127,52
1325,1127,63
1326,1128,30
1327,1128,33
1328,1129,30
1329,1129,33
1330,1130,30
1331,1130,33
1332,1131,30
1333,1131,33
1334,1132,30
1335,1132,33
1336,1133,30
1337,1133,33
1338,1134,30
1339,1134,33
1340,1135,30
1341,1135,33
1342,1136,30
1343,1136,33
1344,1137,30
1345,1137,33
1346,1138,30
1347,1138,33
1348,1139,30
1349,1139,33
1350,1140,30
1351,1140,33
1352,1141,30
1353,1141,33
1354,1142,30
1355,1142,33
1356,1143,30
1357,1143,33
1358,1144,30
1359,1144,33
1360,1145,30
1361,1145,33
1362,1146,30
1363,1146,33
1364,1147,26
1365,1148,26
1366,1149,26
1367,1150,26
1368,1151,26
1369,1152,26
1370,1153,26
1371,1154,26
1372,1155,26
1373,1156,7
1374,1157,7
1375,1158,55
1376,1160,7
1377,1161,7
1378,1163,55
1379,1164,55
1380,1165,7
1381,1166,55
1382,1167,55
1383,1168,7
1384,1169,7
1385,1170,55
1386,1171,7
1387,1172,7
1388,1173,7
1389,1174,7
1390,1175,55
1391,1176,55
1392,1177,55
1393,1178,7
1394,1179,7
1395,1180,7
1396,1181,7
1397,1182,55
1398,1183,55
1399,1184,55
1400,1185,7
1401,1186,55
1402,1187,7
1403,1189,7
1404,1190,7
1405,1191,55
1406,1192,7
1407,1193,7
1408,1194,55
1409,1195,55
1410,1196,55
1411,1197,55
1412,1198,55
1413,1199,17
1414,1200,17
1415,1201,17
1416,1202,17
1417,1203,17
1418,1204,17
1419,1205,17
1420,1206,17
1421,1207,17
1422,1208,17
1423,1209,17
1424,1210,17
1425,1211,17
1426,1212,17
1427,1213,5
1428,1214,5
1429,1215,5
1430,1216,5
1431,1217,5
1432,1218,5
1433,1219,5
1434,1220,5
1435,1222,5
1436,1223,5
1437,1224,5
1438,1225,24
1439,1226,24
1440,1227,24
1441,1228,24
1442,1229,24
1443,1230,24
1444,1231,24
1445,1232,24
1446,1233,24
1447,1234,24
1448,1235,24
1449,1236,24
1450,1237,48
1451,1237,34
1452,1238,48
1453,1238,34
1454,1239,48
1455,1239,34
1456,1240,48
1457,1240,34
1458,1241,48
1459,1241,34
1460,1242,48
1461,1242,34
1462,1243,48
1463,1243,34
1464,1244,48
1465,1244,34
1466,1245,48
1468,1245,34
1469,1246,48
1470,1246,34
1471,1247,48
1472,1247,34
1473,1248,48
1474,1248,34
1475,1249,48
1476,1249,34
1477,1250,48
1478,1250,34
1479,1251,48
1480,1251,34
1481,1252,48
1482,1252,34
1483,1253,48
1484,1253,34
1485,1254,48
1486,1254,34
1487,1255,48
1488,1255,34
1489,1256,9
1490,1256,54
1491,1256,67
1492,1258,9
1493,1258,54
1494,1258,67
1495,1257,9
1496,1257,54
1497,1257,67
1498,1259,9
1499,1259,54
1500,1259,67
1501,1260,9
1502,1260,54
1503,1260,67
1504,1261,9
1505,1261,54
1506,1261,67
1507,1262,9
1508,1262,54
1509,1262,67
1510,1263,9
1511,1263,54
1512,1263,67
1513,1264,9
1514,1264,54
1515,1264,67
1516,1265,9
1517,1265,54
1518,1265,67
1519,1266,75
1520,1266,68
1521,1267,75
1522,1267,68
1523,1268,75
1524,1268,68
1525,1269,75
1526,1269,68
1527,1270,75
1528,1270,68
1529,1271,75
1530,1271,68
1531,1272,75
1532,1272,68
1533,1273,75
1534,1273,68
1535,1274,75
1536,1274,68
1537,1275,75
1538,1275,68
1539,1276,75
1540,1276,68
1541,1277,75
1542,1277,68
1543,1278,69
1544,1279,69
1545,1280,58
1546,1280,66
1547,1281,58
1548,1281,66
1549,1282,58
1550,1282,66
1551,1283,58
1552,1283,66
1553,1284,58
1554,1284,66
1555,1285,58
1556,1285,66
1557,1286,58
1558,1286,66
1559,1287,58
1560,1287,66
1561,1288,58
1562,1288,66
1563,1289,64
1564,1289,25
1565,1290,64
1566,1290,25
1567,1291,64
1568,1291,25
1569,1292,64
1570,1292,25
1571,1293,64
1572,1293,25
1573,1294,64
1574,1294,25
1575,1295,64
1576,1295,25
1577,1296,64
1578,1296,25
1579,1297,64
1580,1297,25
1581,1298,64
1582,1298,25
1583,1299,64
1584,1299,25
1585,1300,64
1586,1300,25
1587,1301,64
1588,1301,25
1589,1302,64
1590,1302,25
1591,1303,64
1592,1303,25
1593,1304,4
1594,1304,43
1595,1305,4
1596,1305,43
1597,1306,4
1598,1306,43
1599,1307,28
1600,1307,47
1601,1308,28
1602,1308,47
1603,1309,28
1604,1309,47
1605,1310,28
1606,1310,47
1607,1311,28
1608,1311,47
1609,1312,28
1610,1312,47
1611,1313,28
1612,1313,47
1613,282,17
1614,300,17
1615,305,17
1616,351,41
1617,351,18
1618,20,1
1619,111,3
1620,201,15
1621,236,15
1622,255,15
1623,368,20
1624,368,21
1625,410,25
1626,427,26
1627,433,26
1628,541,35
1629,657,28
1630,658,28
1631,687,1
1632,688,1
1633,796,14
1634,805,15
1635,814,15
1636,1159,55
1637,1162,55
1638,1188,7
1639,1221,5
1640,1314,78
1641,1315,78
1642,1316,78
1643,1317,78
1644,1314,78
1645,1314,78
1646,1314,78
1647,1318,78
1648,1319,78
1649,1320,78
1650,1321,78
1651,1322,78
1652,1323,78
1653,1324,78
1654,1325,78
1655,1326,78
1656,1328,78
1657,1329,78
1658,1330,78
1659,1331,78
1660,1332,78
1661,1333,1
1662,1334,1
1663,1335,1
1664,1336,1
1665,1337,1
1666,1337,1
1667,1338,1
1668,1339,1
1669,1340,2
1670,1341,2
1671,1342,2
1672,1343,4
1673,1344,4
1674,1345,4
1675,1346,4
1676,1347,4
1677,1348,4
1678,1349,5
1679,1349,6
1680,1350,5
1681,1350,6
1682,1351,5
1683,1351,6
1684,1352,5
1685,1352,6
1686,1353,75
1687,1353,8
1688,1354,75
1689,1354,8
1690,1355,75
1691,1355,8
1692,1356,75
1693,1356,8
1694,1357,11
1695,1358,11
1696,1359,11
1697,1360,11
1698,1361,11
1699,1362,11
1700,1363,11
1701,1364,14
1702,1365,14
1703,1366,14
1704,1367,14
1705,1368,14
1706,1369,14
1707,1370,14
1708,1371,14
1709,1372,15
1710,1373,15
1711,1374,15
1712,1375,15
1713,1376,15
1714,1377,15
1715,1378,15
1716,1379,15
1717,1380,15
1718,1381,15
1719,1382,15
1720,1383,15
1721,1384,15
1722,1385,17
1723,1386,17
1724,1387,17
1725,1388,17
1726,1389,17
1727,1390,17
1728,1391,17
1729,1392,17
1730,1393,41
1731,1393,18
1732,1394,18
1733,1394,41
1734,1395,18
1735,1395,41
1736,1396,18
1737,1396,41
1738,1397,18
1739,1397,41
1740,1398,20
1741,1399,20
1742,1400,20
1743,1401,20
1744,1402,24
1745,1403,24
1746,1404,24
1747,1405,24
1748,1406,18
1749,1406,41
1750,1407,19
1751,1408,19
1752,1409,19
1753,1398,79
1754,1399,79
1755,1400,79
1756,1401,79
1757,1398,81
1758,1399,81
1759,1400,81
1760,1401,81
1761,1410,25
1762,1411,25
1763,1412,25
1764,1413,25
1765,1414,25
1766,1415,25
1767,1416,25
1768,1417,25
1769,1418,25
1770,1419,25
1771,1420,26
1772,1421,26
1773,1422,26
1774,1423,26
1775,1424,26
1776,1425,26
1777,1426,26
1778,1427,26
1779,1428,83
1780,1428,84
1781,1429,83
1782,1429,84
1783,1430,83
1784,1430,84
1785,1431,28
1786,1432,29
1787,1433,29
1788,1434,29
1789,1435,29
1790,1436,29
1791,1437,29
1792,1438,30
1793,1438,33
1794,1439,30
1795,1439,33
1796,1440,30
1797,1440,33
1798,1441,30
1799,1441,33
1800,1442,30
1801,1442,33
1802,1443,34
1803,1444,34
1804,1445,34
1805,1446,34
1806,1446,34
1807,1447,34
1808,1448,34
1809,1449,34
1810,1450,34
1811,1451,38
1812,1452,38
1813,1453,38
1814,1454,38
1815,1455,38
1816,1456,38
1817,1457,38
1818,1458,39
1819,1459,39
1820,1460,39
1821,1461,39
1822,1462,39
1823,1463,7
1824,1464,7
1825,1465,7
1826,1466,16
1827,1468,16
1828,1469,16
1829,1470,16
1830,1471,16
1831,1472,16
1832,1473,16
1833,1474,85
1834,1474,86
1835,1475,85
1836,1475,86
1837,1476,85
1838,1476,86
1839,1477,85
1840,1477,86
1841,1478,85
1842,1478,86
1843,1479,85
1844,1479,86
1845,1480,85
1846,1480,86
1847,1481,85
1848,1481,86
1849,1482,85
1850,1482,86
1851,1483,85
1852,1483,86
1853,1485,85
1854,1485,86
1855,1485,85
1856,1485,86
1857,1486,85
1858,1486,86
1859,1487,85
1860,1487,86
1861,1488,85
1862,1488,86
1863,1489,85
1864,1489,86
1865,1490,85
1866,1490,86
1867,1491,85
1868,1491,86
1869,1492,85
1870,1492,86
1871,1493,85
1872,1493,86
1873,1494,85
1874,1494,86
1875,1495,85
1876,1495,86
1877,1496,85
1878,1496,86
1879,1497,85
1880,1497,86
1881,1498,85
1882,1498,86
1883,1499,85
1884,1499,86
1885,1500,85
1886,1500,86
1887,1501,85
1888,1501,86
1889,1502,85
1890,1502,86
1891,1503,85
1892,1503,86
1893,1504,85
1894,1504,86
1895,1505,85
1896,1505,86
1897,1506,85
1898,1506,86
1899,1507,85
1900,1507,86
1901,1508,85
1902,1508,86
1903,1509,85
1904,1509,86
1905,1510,85
1906,1510,86
1907,1511,85
1908,1511,86
1909,1512,85
1910,1512,86
1911,1513,1
1912,1513,1
1913,1513,1
1914,1513,60
1915,1518,2
1916,1513,1
1917,1514,1
1918,1515,1
1919,1516,1
1920,1517,1
1921,1519,1
1922,1520,1
1923,1521,1
1924,1522,87
1925,1523,2
1926,1523,2
1927,1525,2
1928,1526,87
1929,1527,87
1930,1528,87
1931,1528,87
1932,1529,2
1933,1530,87
1934,1531,87
1935,1532,2
1936,1533,87
1937,1534,2
1938,1535,87
1939,1536,2
1940,1537,87
1941,1538,87
1942,1539,87
1943,1540,87
1944,1541,87
1945,1542,4
1946,1543,4
1947,1544,6
1948,1545,4
1949,1546,6
1950,1547,4
1951,1548,6
1952,1549,4
1953,1550,6
1954,1551,4
1955,1552,8
1956,1552,75
1957,1553,8
1958,1553,75
1959,1554,10
1960,1555,8
1961,1555,75
1962,1556,8
1963,1556,75
1964,1557,90
1965,1557,14
1966,1558,11
1967,1559,11
1968,1560,90
1969,1560,14
1970,1561,11
1971,1562,90
1972,1562,14
1973,1563,11
1974,1564,11
1975,1565,90
1976,1565,14
1977,1566,90
1978,1566,14
1979,1567,90
1980,1567,14
1981,1568,11
1982,1569,11
1983,1570,11
1984,1571,90
1985,1571,14
1986,1572,11
1987,1573,11
1988,1574,90
1989,1574,14
1990,1575,90
1991,1575,14
1992,1576,90
1993,1576,14
1994,1577,90
1995,1577,14
1996,1578,90
1997,1578,14
1998,1579,90
1999,1579,14
2000,1580,16
2001,1586,41
2002,1586,18
2003,1587,41
2004,1587,18
2005,1588,41
2006,1588,18
2007,1589,41
2008,1589,18
2009,1590,20
2010,1590,91
2011,1591,20
2012,1591,91
2013,1603,89
2014,1603,24
2015,1604,89
2016,1604,24
2017,1605,89
2018,1605,24
2019,1606,89
2020,1606,24
2021,1607,89
2022,1607,24
2023,1608,89
2024,1608,24
2025,1609,25
2026,1610,25
2027,1611,25
2028,1612,25
2029,1613,25
2030,1614,25
2031,1615,25
2032,1616,25
2033,1617,25
2034,1618,26
2035,1619,26
2036,1620,26
2037,1621,26
2038,1622,26
2039,1623,83
2040,1623,84
2041,1624,83
2042,1624,84
2043,1625,83
2044,1625,84
2045,1626,28
2046,1627,28
2047,1628,28
2048,1629,29
2049,1630,29
2050,1631,29
2051,1632,29
2052,1633,29
2053,1634,29
2054,1635,29
2055,1636,30
2056,1636,33
2057,1637,30
2058,1637,33
2059,1638,30
2060,1638,33
2061,1639,30
2062,1639,33
2063,1640,34
2064,1641,34
2065,1642,34
2066,1643,34
2067,1645,38
2068,1646,38
2069,1647,38
2070,1648,38
2071,1649,38
2072,1650,7
2073,1651,7
2074,1652,7
2075,1653,7
2076,1655,16
2077,1656,16
2078,1657,16
2079,1658,16
2080,1659,16
2081,1660,16
2082,1661,16
2083,1662,16
2084,1663,16
2085,1664,16
2086,1665,16
2087,1666,16
2088,1667,16
2089,1668,16
2090,1669,16
2091,1670,17
2092,1671,17
2093,1672,17
2094,1673,17
2095,1674,17
2096,1675,85
2097,1675,86
2098,1675,88
2099,1676,85
2100,1676,86
2101,1676,88
2102,1677,85
2103,1677,86
2104,1677,88
2105,1678,85
2106,1678,86
2107,1678,88
2108,1679,85
2109,1679,86
2110,1679,88
2111,1680,85
2112,1680,86
2113,1680,88
2114,1681,85
2115,1681,86
2116,1681,88
2117,1682,85
2118,1682,86
2119,1682,88
2120,1683,85
2121,1683,86
2122,1683,88
2123,1684,85
2124,1684,86
2125,1684,88
2126,1685,85
2127,1685,86
2128,1685,88
2129,1686,38
2130,1687,7
2131,1688,15
2132,1689,15
2133,1690,15
2134,1691,15
2135,1692,15
2136,1693,15
2137,1694,15
2138,1695,15
2139,1696,19
2140,1697,19
2141,1698,19
2142,1699,19
2143,1701,1
2144,1708,2
2145,1708,2
2146,1707,1
2147,1706,1
2148,1705,1
2149,1704,1
2150,1703,1
2151,1702,1
2152,1701,1
2153,1709,2
2154,1710,2
2155,1711,2
2156,1712,2
2157,1713,2
2158,1714,2
2159,1715,2
2160,1716,2
2161,1717,2
2162,1718,2
2163,1719,2
2164,1720,2
2165,1721,2
2166,1722,87
2167,1723,87
2168,1724,87
2169,1725,87
2170,1726,87
2171,1727,87
2172,1728,87
2173,1729,87
2174,1730,87
2175,1731,87
2176,1732,87
2177,1733,87
2178,1734,87
2179,1735,87
2180,1736,87
2181,1737,87
2182,1738,87
2183,1739,87
2184,1740,87
2185,1741,87
2186,1742,87
2187,1743,87
2188,1744,87
2189,1745,4
2190,1746,4
2191,1747,87
2192,1747,4
2193,1748,4
2194,1749,4
2195,1750,4
2196,1751,4
2197,1752,4
2198,1753,6
2199,1754,6
2200,1755,6
2201,1756,7
2202,1757,7
2203,1758,7
2204,1759,7
2205,1760,7
2206,1761,7
2207,1762,8
2208,1762,75
2209,1763,8
2210,1763,75
2211,1764,8
2212,1764,75
2213,1765,8
2214,1765,75
2215,1766,8
2216,1766,75
2217,1767,10
2218,1768,10
2219,1769,10
2220,1770,11
2221,1771,11
2222,1772,11
2223,1773,11
2224,1774,11
2225,1775,11
2226,1776,11
2227,1777,11
2228,1778,14
2229,1778,90
2230,1779,90
2231,1779,14
2232,1780,14
2233,1780,90
2234,1781,14
2235,1781,90
2236,1782,14
2237,1782,90
2238,1783,14
2239,1783,90
2240,1784,14
2241,1784,90
2242,1785,14
2243,1785,90
2244,1786,14
2245,1786,90
2246,1787,14
2247,1787,90
2248,1788,14
2249,1788,90
2250,1789,14
2251,1789,90
2252,1790,15
2253,1791,15
2254,1792,15
2255,1793,15
2256,1794,15
2257,1795,15
2258,1796,15
2259,1797,15
2260,1798,15
2261,1799,16
2262,1800,16
2263,1801,16
2264,1802,16
2265,1803,16
2266,1804,16
2267,1805,16
2268,1806,16
2269,1807,16
2270,1808,17
2271,1809,17
2272,1810,17
2273,1811,17
2274,1812,17
2275,1813,18
2276,1814,18
2277,1815,18
2278,1816,18
2279,1817,18
2280,1818,18
2281,1819,19
2282,1820,19
2283,1821,19
2284,1822,20
2285,1822,91
2286,1823,20
2287,1823,91
2288,1824,20
2289,1824,91
2290,1825,85
2291,1825,86
2292,1825,88
2293,1826,85
2294,1826,86
2295,1826,88
2296,1827,85
2297,1827,86
2298,1827,88
2299,1828,85
2300,1828,86
2301,1828,88
2302,1829,85
2303,1829,86
2304,1829,88
2305,1830,85
2306,1830,86
2307,1830,88
2308,1831,85
2309,1831,86
2310,1831,88
2311,1832,85
2312,1832,86
2313,1832,88
2314,1833,85
2315,1833,86
2316,1833,88
2317,1834,85
2318,1834,86
2319,1834,88
2320,1835,85
2321,1835,86
2322,1835,88
2323,1836,85
2324,1836,86
2325,1836,88
2326,1837,85
2327,1837,86
2328,1837,88
2329,1838,51
2330,1839,51
2331,1840,51
2332,1841,51
2333,1843,51
2334,1844,51
2335,1845,51
2336,1846,51
2337,1847,51
2338,1848,51
2339,1849,51
2340,1850,51
2341,1851,24
2342,1851,89
2343,1852,24
2344,1852,89
2345,1853,24
2346,1853,89
2347,1854,25
2348,1855,25
2349,1856,25
2350,1857,25
2351,1858,25
2352,1859,25
2353,1861,25
2354,1862,25
2355,1863,26
2356,1864,26
2357,1866,26
2358,1867,26
2359,1868,26
2360,1869,83
2361,1869,84
2362,1870,83
2363,1870,84
2364,1871,28
2365,1872,28
2366,1886,30
2367,1887,30
2368,1888,30
2369,1889,34
2370,1890,34
2371,1891,34
2372,1892,34
2373,1893,38
2374,1896,38
2375,1897,39
2376,1898,39
2377,1899,39
2378,1900,39
2379,1901,39
2380,1902,39
2381,2101,1
2382,2102,1
2383,2101,1
2384,2103,1
2385,2104,1
2386,2104,1
2387,2107,2
2388,2107,2
2389,2108,2
2390,2108,2
2391,2109,2
2392,2110,2
2393,2111,2
2394,2112,2
2395,2113,2
2396,2114,2
2397,2115,2
2398,2116,87
2399,2117,87
2400,2118,87
2401,2119,87
2402,2120,87
2403,2120,87
2404,2121,87
2405,2122,87
2406,2123,87
2407,2124,87
2408,2125,87
2409,2126,87
2410,2127,87
2411,2128,87
2412,2129,87
2413,2130,87
2414,2131,87
2415,2132,87
2416,2133,4
2417,2134,4
2418,2135,4
2419,2136,4
2420,2137,4
2421,2138,4
2422,2139,4
2423,2140,4
2424,2141,4
2425,2142,4
2426,2144,4
2427,2145,4
2428,2146,4
2429,2148,6
2430,2149,6
2431,2150,7
2432,2151,7
2433,2152,7
2434,2153,7
2435,2154,8
2436,2154,8
2437,2155,8
2438,2155,75
2439,2156,8
2440,2156,75
2441,2157,8
2442,2157,75
2443,2158,8
2444,2158,75
2445,2159,92
2446,2160,92
2447,2161,92
2448,2162,11
2449,2163,11
2450,2164,11
2451,2165,11
2452,2167,11
2453,2168,11
2454,2169,14
2455,2169,90
2456,2170,14
2457,2170,90
2458,2172,14
2459,2172,90
2460,2174,14
2461,2174,90
2462,2175,14
2463,2175,90
2464,2176,15
2465,2177,15
2466,2178,15
2467,2179,15
2468,2180,15
2469,2181,15
2470,2182,15
2471,2183,16
2472,2184,16
2473,2185,16
2474,2186,16
2475,2187,16
2476,2189,17
2477,2191,17
2478,2192,17
2479,2193,17
2480,2194,17
2481,2195,18
2482,2196,18
2483,2197,18
2484,2198,18
2485,2199,18
2486,2200,18
2487,2201,18
2488,2203,19
2489,2204,19
2490,2205,66
2491,2205,91
2492,2206,66
2493,2206,91
2494,2208,66
2495,2208,91
2496,2209,66
2497,2209,91
2498,2211,66
2499,2211,91
2500,2212,66
2501,2212,91
2502,2213,85
2503,2213,86
2504,2213,88
2505,2215,85
2506,2215,86
2507,2215,88
2508,2216,85
2509,2216,86
2510,2216,88
2511,2217,51
2512,2218,51
2513,2219,51
2514,2220,51
2515,2220,51
2516,2222,51
2517,2223,51
2518,2224,51
2519,2225,51
2520,2226,51
2521,2227,24
2522,2227,89
2523,2228,24
2524,2228,89
2525,2229,24
2526,2229,89
2527,2229,24
2528,2229,89
2529,2230,25
2530,2231,25
2531,2232,25
2532,2233,25
2533,2234,25
2534,2235,25
2535,2236,26
2536,2237,26
2537,2238,26
2538,2239,84
2539,2239,83
2540,2240,83
2541,2240,84
2542,2241,55
2543,2243,55
2544,2244,55
2545,2245,55
2546,2246,55
2547,2247,55
2548,2248,55
2549,2252,55
2550,2253,28
2551,2254,28
2552,2255,28
2553,2269,33
2554,2272,34
2555,2273,34
2556,2274,34
2557,2275,34
2558,2276,38
2559,2277,38
2560,2278,38
2561,2279,38
2562,2280,38
2563,2281,38
2564,2282,38
2565,2283,39
2566,2284,39
2567,2285,39
2568,2286,39
2569,3051,1
2570,3052,1
2571,3053,1
2572,3054,1
2573,3054,1
2574,3054,1
2575,3054,1
2576,3244,1
2577,3245,1
2578,3246,1
2579,3247,1
2580,3248,1
2581,3249,1
2582,3250,1
2583,3251,2
2584,3252,2
2585,3253,2
2586,3254,2
2587,3255,2
2588,3255,2
2589,3256,2
2590,3257,2
2591,3258,2
2592,3259,2
2593,3260,2
2594,3261,2
2595,3262,87
2596,3263,87
2597,3264,87
2598,3265,87
2599,3266,87
2600,3267,87
2601,3268,87
2602,3269,87
2603,3270,87
2604,3271,87
2605,3272,87
2606,3273,87
2607,3275,87
2608,3276,87
2609,3277,87
2610,3278,87
2611,3279,94
2612,3280,94
2613,3281,94
2614,3282,94
2615,3283,94
2616,3284,94
2617,3285,94
2618,3286,4
2619,3287,4
2620,3288,4
2621,3289,4
2622,3290,4
2623,3291,4
2624,3292,6
2625,3292,95
2626,3293,6
2627,3293,95
2628,3294,7
2629,3294,96
2630,3295,7
2631,3295,96
2632,3296,75
2633,3296,8
2634,3298,8
2635,3298,75
2636,3299,8
2637,3299,75
2638,3300,8
2639,3300,75
2640,3301,10
2641,3301,97
2642,3302,10
2643,3302,97
2644,3303,10
2645,3303,97
2646,3304,98
2647,3305,98
2648,3306,98
2649,3307,90
2650,3307,14
2651,3308,14
2652,3308,90
2653,3309,14
2654,3309,90
2655,3310,14
2656,3310,90
2657,3311,15
2658,3312,15
2659,3313,15
2660,3314,15
2661,3315,15
2662,3316,15
2663,3317,16
2664,3318,16
2665,3319,16
2666,3320,17
2667,3321,17
2668,3322,17
2669,3323,17
2670,3324,17
2671,3324,17
2672,3325,17
2673,3326,17
2674,3327,18
2675,3328,18
2676,3329,18
2677,3330,18
2678,3331,18
2679,3332,18
2680,3333,19
2681,3334,19
2682,3335,19
2683,3336,66
2684,3336,91
2685,3337,66
2686,3337,91
2687,3338,66
2688,3338,91
2689,3339,66
2690,3339,91
2691,3341,66
2692,3341,91
2693,3342,66
2694,3342,91
2695,3343,66
2696,3343,91
2697,3344,85
2698,3344,86
2699,3344,88
2700,3345,85
2701,3345,86
2702,3345,88
2703,3347,85
2704,3347,86
2705,3347,88
2706,3348,85
2707,3348,86
2708,3348,88
2709,3349,85
2710,3349,86
2711,3349,88
2712,3350,85
2713,3350,86
2714,3350,88
2715,3351,99
2716,3351,100
2717,3352,99
2718,3352,100
2719,3353,99
2720,3353,100
2721,3354,99
2722,3354,100
2723,3355,99
2724,3355,100
2725,3356,101
2726,3357,101
2727,3358,101
2728,3359,25
2729,3359,102
2730,3360,25
2731,3360,102
2732,3361,25
2733,3361,102
2734,3362,25
2735,3362,102
2736,3363,25
2737,3363,102
2738,3364,25
2739,3364,102
2740,3365,25
2741,3365,102
2742,3366,25
2743,3366,102
2744,3367,25
2745,3367,102
2746,3368,26
2747,3369,26
2748,3370,26
2749,3371,83
2750,3371,84
2751,3372,83
2752,3372,84
2753,3373,55
2754,3374,55
2755,3375,55
2756,3376,55
2757,3377,55
2758,3378,55
2759,3379,55
2760,3380,55
2761,3381,55
2762,3382,55
2763,3383,55
2764,3384,55
2765,3385,55
2766,3386,28
2767,3387,28
2768,3388,103
2769,3389,103
2770,3390,103
2771,3391,103
2772,3392,103
2773,3393,103
2774,3394,103
2775,3395,103
2776,3396,33
2777,3397,33
2778,3398,33
2779,3399,33
2780,3400,33
2781,3401,33
2782,3402,34
2783,3403,34
2784,3404,34
2785,3405,34
2786,3406,34
2787,3407,38
2788,3408,38
2789,3409,38
2790,3410,38
2791,3411,38
2792,3412,38
2793,3413,39
2794,3413,93
2795,3414,39
2796,3414,93
2797,3415,39
2798,3415,93
2799,3416,39
2800,3416,93
2801,3417,39
2802,3417,93
2803,3418,39
2804,3418,93
2805,3419,39
2806,3419,93
2807,3420,104
2808,3421,104
2809,3422,104
2810,3423,104
2811,3424,104
2812,3425,105
2813,3426,105
2814,3427,1
2815,3428,1
2816,3429,1
2817,3430,1
2818,3431,1
2819,3432,1
2820,3433,1
2821,3434,2
2822,3435,2
2823,3436,2
2824,3437,2
2825,3438,2
2826,3439,2
2827,3440,2
2828,3441,87
2829,3441,106
2830,3442,87
2831,3442,106
2832,3443,87
2833,3443,106
2834,3444,87
2835,3444,106
2836,3445,87
2837,3445,106
2838,3446,87
2839,3446,106
2840,3447,87
2841,3447,106
2842,3448,87
2843,3448,106
2844,3449,87
2845,3449,106
2846,3450,87
2847,3450,106
2848,3451,87
2849,3451,106
2850,3452,87
2851,3452,106
2852,3453,87
2853,3453,106
2854,3454,87
2855,3454,106
2856,3455,87
2857,3455,106
2858,3456,94
2859,3457,94
2860,3458,94
2861,3459,94
2862,3460,94
2863,3461,4
2864,3462,4
2865,3463,4
2866,3464,4
2867,3465,4
2868,3466,4
2869,3467,4
2870,3468,4
2871,3469,4
2872,3470,4
2873,3471,6
2874,3471,95
2875,3472,6
2876,3472,95
2877,3473,7
2878,3473,96
2879,3474,7
2880,3474,96
2881,3475,7
2882,3475,96
2883,3476,8
2884,3476,75
2885,3477,8
2886,3477,75
2887,3478,8
2888,3478,75
2889,3479,8
2890,3479,75
2891,3480,97
2892,3481,97
2893,3482,98
2894,3482,107
2895,3483,98
2896,3483,107
2897,3484,98
2898,3484,107
2899,3485,98
2900,3485,107
2901,3486,98
2902,3486,107
2903,3487,98
2904,3487,107
2905,3488,14
2906,3489,14
2907,3490,14
2908,3491,14
2909,3492,15
2910,3493,15
2911,3494,15
2912,3495,15
2913,3496,16
2914,3497,16
2915,3498,16
2916,3499,16
2917,3500,17
2918,3501,17
2919,3502,17
2920,3503,17
2921,3504,17
2922,3505,17
2923,3506,18
2924,3507,18
2925,3508,18
2926,3509,18
2927,3510,18
2928,3511,18
2929,3512,19
2930,3513,19
2931,3514,19
2932,3515,66
2933,3515,91
2934,3516,66
2935,3516,91
2936,3517,66
2937,3517,91
2938,3518,66
2939,3518,91
2940,3519,66
2941,3519,91
2942,3520,66
2943,3520,91
2944,3521,66
2945,3521,91
2946,3522,66
2947,3522,91
2948,3523,85
2949,3523,86
2950,3523,88
2951,3524,85
2952,3524,86
2953,3524,88
2954,3525,85
2955,3525,86
2956,3525,88
2957,3526,85
2958,3526,86
2959,3526,88
2960,3527,85
2961,3527,86
2962,3527,88
2963,3529,85
2964,3529,86
2965,3529,88
2966,3530,85
2967,3530,86
2968,3530,88
2969,3531,85
2970,3531,86
2971,3531,88
2972,3532,85
2973,3532,86
2974,3532,88
2975,3533,85
2976,3533,86
2977,3533,88
2978,3534,99
2979,3534,100
2980,3535,99
2981,3535,100
2982,3536,99
2983,3536,100
2984,3537,99
2985,3537,100
2986,3538,99
2987,3538,100
2988,3539,99
2989,3539,100
2990,3540,99
2991,3540,100
2992,3541,24
2993,3541,108
2994,3542,24
2995,3542,108
2996,3543,108
2997,3543,24
2998,3544,24
2999,3544,108
3000,3545,25
3001,3545,109
3002,3546,25
3003,3546,109
3004,3547,25
3005,3547,109
3006,3548,25
3007,3548,109
3008,3549,25
3009,3549,109
3010,3550,25
3011,3550,109
3012,3551,25
3013,3551,109
3014,3552,25
3015,3552,109
3016,3553,26
3017,3553,110
3018,3554,26
3019,3554,110
3020,3555,26
3021,3555,110
3022,3556,26
3023,3556,110
3024,3557,83
3025,3557,84
3026,3558,83
3027,3558,84
3028,3559,55
3029,3560,55
3030,3561,55
3031,3562,55
3032,3563,55
3033,3564,55
3034,3565,55
3035,3566,55
3036,3567,28
3037,3568,28
3038,3569,55
3039,3569,28
3040,3570,28
3041,3571,103
3042,3571,111
3043,3572,103
3044,3572,111
3045,3573,103
3046,3573,111
3047,3574,103
3048,3574,111
3049,3575,103
3050,3575,111
3051,3576,103
3052,3576,111
3053,3577,103
3054,3577,111
3055,3578,103
3056,3578,111
3057,3579,103
3058,3579,111
3059,3580,103
3060,3580,111
3061,3581,33
3062,3582,33
3063,3583,33
3064,3584,33
3065,3585,33
3066,3586,34
3067,3587,34
3068,3588,34
3069,3589,34
3070,3590,34
3071,3591,34
3072,3592,38
3073,3593,38
3074,3594,38
3075,3595,38
3076,3596,38
3077,3597,38
3078,3598,39
3079,3598,93
3080,3599,39
3081,3599,93
3082,3600,39
3083,3600,93
3084,3601,39
3085,3601,93
3086,3602,39
3087,3602,93
3088,3603,39
3089,3603,93
3090,3604,39
3091,3604,93
3092,3605,39
3093,3605,93
3094,3606,39
3095,3606,93
3096,3607,104
3097,3608,104
3098,3609,104
3099,3610,104
3100,3611,1
3101,3611,1
3102,3612,1
3103,3613,1
3104,3614,1
3105,3615,1
3106,3616,1
3107,3617,1
3108,3618,2
3109,3619,2
3110,3620,2
3111,3621,2
3112,3622,2
3113,3623,2
3114,3611,112
3115,3612,112
3116,3613,112
3117,3614,112
3118,3615,112
3119,3616,112
3120,3617,112
3121,3624,94
3122,3625,94
3123,3626,94
3124,3627,94
3125,3628,106
3126,3628,87
3127,3629,106
3128,3629,87
3129,3630,106
3130,3630,87
3131,3631,106
3132,3631,87
3133,3632,106
3134,3632,87
3135,3633,106
3136,3633,87
3137,3634,106
3138,3634,87
3139,3635,106
3140,3635,87
3141,3636,106
3142,3636,87
3143,3637,106
3144,3637,87
3145,3638,106
3146,3638,87
3147,3639,106
3148,3639,87
3149,3640,106
3150,3640,87
3151,3641,106
3152,3641,87
3153,3642,106
3154,3642,87
3155,3643,4
3156,3644,4
3157,3645,4
3158,3646,4
3159,3647,4
3160,3648,4
3161,3649,4
3162,3650,4
3163,3651,4
3164,3652,4
3165,3653,4
3166,3654,6
3167,3654,95
3168,3655,6
3169,3655,95
3170,3656,96
3171,3656,7
3172,3657,96
3173,3657,7
3174,3658,75
3175,3658,8
3176,3659,75
3177,3659,8
3178,3660,75
3179,3660,8
3180,3661,75
3181,3661,8
3182,3662,75
3183,3662,8
3184,3663,10
3185,3663,97
3186,3664,10
3187,3664,97
3188,3665,98
3189,3665,107
3190,3666,98
3191,3666,107
3192,3667,98
3193,3667,107
3194,3668,98
3195,3668,107
3196,3669,98
3197,3669,107
3198,3670,98
3199,3670,107
3200,3671,14
3201,3672,14
3202,3673,14
3203,3674,14
3204,3675,14
3205,3676,14
3206,3676,113
3207,3674,113
3208,3673,113
3209,3672,113
3210,3671,113
3211,3675,113
3212,3677,15
3213,3678,15
3214,3679,15
3215,3680,15
3216,3681,15
3217,3682,15
3218,3683,16
3219,3684,16
3220,3685,16
3221,3687,17
3222,3688,17
3223,3689,17
3224,3690,18
3225,3691,18
3226,3692,18
3227,3693,18
3228,3694,18
3229,3695,18
3230,3696,19
3231,3697,19
3232,3698,19
3233,3699,66
3234,3699,91
3235,3700,66
3236,3700,91
3237,3701,66
3238,3701,91
3239,3702,66
3240,3702,91
3241,3703,66
3242,3703,91
3243,3704,66
3244,3704,91
3245,3705,66
3246,3705,91
3247,3706,66
3248,3706,91
3249,3707,66
3250,3707,91
3251,3708,66
3252,3708,91
3253,3709,85
3254,3709,86
3255,3709,88
3256,3710,85
3257,3710,86
3258,3710,88
3259,3711,85
3260,3711,86
3261,3711,88
3262,3712,85
3263,3712,86
3264,3712,88
3265,3713,85
3266,3713,86
3267,3713,88
3268,3714,99
3269,3714,100
3270,3715,99
3271,3715,100
3272,3716,99
3273,3716,100
3274,3717,99
3275,3717,100
3276,3718,99
3277,3718,100
3278,3719,99
3279,3719,100
3280,3720,99
3281,3720,100
3282,3721,108
3283,3722,108
3284,3723,108
3285,3724,108
3286,3725,108
3287,3726,25
3288,3726,102
3289,3727,25
3290,3727,102
3291,3728,25
3292,3728,102
3293,3729,25
3294,3729,102
3295,3730,25
3296,3730,102
3297,3731,25
3298,3731,102
3299,3732,25
3300,3732,102
3301,3733,25
3302,3733,102
3303,3734,25
3304,3734,102
3305,3735,110
3306,3735,26
3307,3736,110
3308,3736,26
3309,3737,110
3310,3737,26
3311,3738,110
3312,3738,26
3313,3739,83
3314,3739,84
3315,3740,55
3316,3741,55
3317,3742,55
3318,3743,55
3319,3744,55
3320,3745,55
3321,3746,28
3322,3747,28
3323,3748,28
3324,3749,103
3325,3749,111
3326,3750,103
3327,3750,111
3328,3751,103
3329,3751,111
3330,3752,103
3331,3752,111
3332,3753,103
3333,3753,111
3334,3754,103
3335,3754,111
3336,3755,103
3337,3755,111
3338,3756,103
3339,3756,111
3340,3757,33
3341,3758,33
3342,3759,34
3343,3760,34
3344,3761,34
3345,3762,34
3346,3763,38
3347,3764,38
3348,3765,38
3349,3766,38
3350,3767,38
3351,3768,38
3352,3769,38
3353,3770,39
3354,3770,93
3355,3771,39
3356,3771,93
3357,3772,39
3358,3772,93
3359,3773,39
3360,3773,93
3361,3774,39
3362,3774,93
3363,3775,39
3364,3775,93
3365,3776,39
3366,3776,93
3367,3777,39
3368,3777,93
3369,3778,39
3370,3778,93
3371,3779,39
3372,3779,93
3373,3780,39
3374,3780,93
3375,3781,104
3376,3782,104
3377,3782,104
3378,3783,104
3379,3784,104
3380,3785,112
3381,3785,112
3382,3786,112
3383,3787,112
3384,3788,112
3385,3789,112
3386,3790,2
3387,3791,2
3388,3792,2
3389,3793,2
3390,3794,2
3391,3795,2
3392,3796,2
3393,3797,87
3394,3798,87
3395,3799,87
3396,3800,87
3397,3801,87
3398,3802,87
3399,3803,87
3400,3804,87
3401,3805,87
3402,3806,87
3403,3807,87
3404,3808,87
3405,3809,87
3406,3810,94
3407,3811,94
3408,3812,94
3409,3813,94
3410,3814,4
3411,3815,4
3412,3816,4
3413,3817,4
3414,3818,4
3415,3819,4
3416,3820,4
3417,3821,4
3418,3822,4
3419,3823,4
3420,3824,4
3421,3825,4
3422,3826,6
3423,3826,95
3424,3827,6
3425,3827,95
3426,3828,96
3427,3828,7
3428,3829,96
3429,3829,7
3430,3830,96
3431,3830,7
3432,3831,96
3433,3831,7
3434,3832,75
3435,3832,8
3436,3833,75
3437,3833,8
3438,3834,75
3439,3834,8
3440,3835,75
3441,3835,8
3442,3836,97
3443,3837,97
3444,3838,107
3445,3838,114
3446,3839,107
3447,3839,114
3448,3840,14
3449,3841,14
3450,3842,14
3451,3843,14
3452,3844,15
3453,3845,15
3454,3846,15
3455,3847,15
3456,3848,15
3457,3849,15
3458,3850,15
3459,3851,15
3460,3852,15
3461,3853,15
3462,3854,16
3463,3855,16
3464,3856,16
3465,3857,16
3466,3858,16
3467,3859,16
3468,3860,17
3469,3861,17
3470,3862,17
3471,3863,17
3472,3864,17
3473,3865,18
3474,3866,18
3475,3867,18
3476,3868,18
3477,3869,18
3478,3870,19
3479,3871,19
3480,3872,19
3481,3873,66
3482,3873,91
3483,3874,66
3484,3874,91
3485,3875,66
3486,3875,91
3487,3876,66
3488,3876,91
3489,3877,66
3490,3877,91
3491,3878,66
3492,3878,91
3493,3879,66
3494,3879,91
3495,3880,66
3496,3880,91
3497,3881,85
3498,3881,86
3499,3881,88
3500,3882,85
3501,3882,86
3502,3882,88
3503,3883,85
3504,3883,86
3505,3883,88
3506,3884,85
3507,3884,86
3508,3884,88
3509,3885,85
3510,3885,86
3511,3885,88
3512,3886,99
3513,3886,100
3514,3887,99
3515,3887,100
3516,3888,99
3517,3888,100
3518,3889,99
3519,3889,100
3520,3890,99
3521,3890,100
3522,3891,99
3523,3891,100
3524,3892,108
3525,3893,108
3526,3894,108
3527,3895,25
3528,3895,109
3529,3896,25
3530,3896,109
3531,3897,25
3532,3897,109
3533,3898,25
3534,3898,109
3535,3899,25
3536,3899,109
3537,3900,25
3538,3900,109
3539,3901,25
3540,3901,109
3541,3902,25
3542,3902,109
3543,3903,110
3544,3903,115
3545,3904,110
3546,3904,115
3547,3905,110
3548,3905,115
3549,3906,110
3550,3906,115
3551,3907,83
3552,3907,84
3553,3908,83
3554,3908,84
3555,3909,55
3556,3910,55
3557,3911,55
3558,3912,55
3559,3913,55
3560,3914,55
3561,3915,55
3562,3916,28
3563,3917,28
3564,3918,28
3565,3919,28
3566,3920,103
3567,3920,111
3568,3921,103
3569,3921,111
3570,3922,103
3571,3922,111
3572,3923,103
3573,3923,111
3574,3924,103
3575,3924,111
3576,3925,103
3577,3925,111
3578,3926,103
3579,3926,111
3580,3927,103
3581,3927,111
3582,3928,33
3583,3929,33
3584,3930,33
3585,3931,33
3586,3932,34
3587,3933,34
3588,3934,34
3589,3935,38
3590,3936,38
3591,3937,38
3592,3938,38
3593,3939,38
3594,3940,38
3595,3941,38
3596,3942,38
3597,3943,39
3598,3943,93
3599,3944,39
3600,3944,93
3601,3945,39
3602,3945,93
3603,3946,39
3604,3946,93
3605,3947,39
3606,3947,93
3607,3948,39
3608,3948,93
3609,3949,39
3610,3949,93
3611,3950,39
3612,3950,93
3613,3951,104
3614,3952,104
3615,3953,104
3616,3954,104
3617,3955,104
3618,3956,104
3619,3957,55
3620,3958,2
3621,3959,62
3622,3960,62
3623,3960,62
3624,3961,62
3625,3962,62
3626,3963,62
3627,3963,62
3628,3964,62
3629,3965,62
3630,3966,62
3631,3967,62
3632,3968,62
3633,3969,62
3634,3970,62
3635,3971,62
3636,3972,62
3637,3973,62
3638,3973,62
3639,3974,62
3640,3975,62
3641,3976,62
3642,3977,62
3643,3978,62
3644,3979,62
3645,3980,62
3646,3981,62
3647,3982,62
3648,3982,116
3649,3983,116
3650,3984,116
3651,3985,116
3652,3986,116
3653,3987,116
3654,3988,116
3655,3989,116
3656,3990,116
3657,3991,116
3658,3992,116
3659,3993,116
3660,3994,116
3661,3995,116
3662,3996,116
3663,3997,116
3664,3998,116
3665,3999,116
3666,4000,116
3667,4001,116
3668,4002,116
3669,4003,116
3670,4004,116
3671,4005,71
3672,4006,71
3673,4007,71
3674,4008,71
3675,4009,71
3676,4010,71
3677,4011,71
3678,4012,71
3679,4013,71
3680,4014,71
3681,4015,71
3682,4016,71
3683,4017,71
3684,4018,71
3685,4019,71
3686,4020,71
3687,4021,71
3688,4022,71
3689,4023,71
3690,4024,71
3691,4025,71
3692,4026,71
3693,4027,71
3694,4028,71
3695,4029,71
3696,4030,71
3697,4031,15
3698,4032,15
3699,4033,15
3700,4034,15
3701,4035,15
3702,4036,15
3703,4037,15
3704,4038,15
3705,4039,15
3706,4040,15
3707,4041,15
3708,4042,15
3709,4043,15
3710,4044,15
3711,4045,15
3712,4046,15
3713,4047,15
3714,4048,15
3715,4049,15
3716,4050,15
3717,4051,15
3718,4052,15
3719,4053,15
3720,4054,15
3721,4055,15
3722,4056,98
3723,4057,98
3724,4057,118
3725,4058,98
3726,4058,118
3727,4059,98
3728,4059,118
3729,4060,98
3730,4060,118
3731,4061,98
3732,4061,118
3733,4062,98
3734,4062,118
3735,4063,98
3736,4063,118
3737,4063,98
3738,4063,118
3739,4064,98
3740,4064,118
3741,4065,98
3742,4065,118
3743,4067,98
3744,4067,118
3745,4068,98
3746,4068,118
3747,4069,98
3748,4069,118
3749,4070,98
3750,4070,118
3751,4071,98
3752,4071,118
3753,4072,98
3754,4072,118
3755,4073,98
3756,4073,118
3757,4074,98
3758,4074,118
3759,4075,98
3760,4075,118
3761,4076,118
3762,4076,98
3763,4077,98
3764,4077,118
3765,4078,98
3766,4078,118
3767,4079,98
3768,4079,118
3769,4080,2
3770,4081,2
3771,4081,119
3772,4081,120
3773,4082,2
3774,4082,119
3775,4082,120
3776,4083,2
3777,4083,119
3778,4083,120
3779,4084,2
3780,4084,119
3781,4084,120
3782,4085,2
3783,4085,119
3784,4085,120
3785,4086,2
3786,4086,119
3787,4086,120
3788,4087,2
3789,4087,119
3790,4087,119
3791,4087,120
3792,4088,2
3793,4088,119
3794,4088,120
3795,4089,2
3796,4089,119
3797,4089,120
3798,4090,2
3799,4090,119
3800,4090,120
3801,4091,2
3802,4091,119
3803,4091,120
3804,4092,2
3805,4092,119
3806,4092,120
3807,4093,2
3808,4093,119
3809,4093,120
3810,4094,2
3811,4094,119
3812,4094,120
3813,4095,2
3814,4095,119
3815,4095,120
3816,4096,2
3817,4096,119
3818,4096,120
3819,4097,2
3820,4097,119
3821,4097,120
3822,4098,2
3823,4098,119
3824,4098,120
3825,4099,2
3826,4099,119
3827,4099,120
3828,4100,121
3829,4101,121
3830,4102,121
3831,4103,121
3832,4104,121
3833,4105,121
3834,4106,121
3835,4107,121
3836,4108,121
3837,4109,121
3838,4110,121
3839,4111,121
3840,4112,121
3841,4113,121
3842,4114,52
3843,4114,122
3844,4114,123
3845,4115,52
3846,4115,122
3847,4115,123
3848,4116,52
3849,4116,122
3850,4116,123
3851,4117,52
3852,4117,122
3853,4117,123
3854,4118,52
3855,4118,122
3856,4118,123
3857,4119,52
3858,4119,122
3859,4119,123
3860,4120,52
3861,4120,122
3862,4120,123
3863,4121,52
3864,4121,122
3865,4121,123
3866,4122,52
3867,4122,122
3868,4122,123
3869,4123,52
3870,4123,122
3871,4123,123
3872,4124,52
3873,4124,122
3874,4124,123
3875,4125,52
3876,4125,122
3877,4125,123
3878,4126,52
3879,4126,122
3880,4126,123
3881,4127,52
3882,4127,122
3883,4127,123
3884,4128,52
3885,4128,122
3886,4128,123
3887,4129,52
3888,4129,122
3889,4129,123
3890,4130,52
3891,4130,122
3892,4130,123
3893,4131,52
3894,4131,122
3895,4131,123
3896,4132,52
3897,4132,122
3898,4132,123
3899,4133,52
3900,4133,122
3901,4133,123
3902,4134,30
3903,4134,124
3904,4135,30
3905,4135,124
3906,4136,30
3907,4136,124
3908,4137,30
3909,4137,124
3910,4138,30
3911,4138,124
3912,4139,30
3913,4139,124
3914,4140,30
3915,4140,124
3916,4141,30
3917,4141,124
3918,4142,30
3919,4142,124
3920,4143,30
3921,4143,124
3922,4144,30
3923,4144,124
3924,4145,30
3925,4145,124
3926,4146,30
3927,4146,124
3928,4147,30
3929,4147,124
3930,4148,30
3931,4148,124
3932,4149,30
3933,4149,124
3934,4150,30
3935,4150,124
3936,4151,30
3937,4151,124
3938,4152,30
3939,4152,124
3940,4153,30
3941,4153,124
3942,4154,30
3943,4154,124
3944,4155,30
3945,4155,124
3946,4156,30
3947,4156,124
3948,4157,30
3949,4157,124
3950,4158,30
3951,4158,124
3952,4159,30
3953,4159,124
3954,4160,30
3955,4160,124
3956,4161,30
3957,4161,124
3958,4162,30
3959,4162,124
3960,4163,30
3961,4163,124
3962,4164,26
3963,4165,26
3964,4166,26
3965,4167,26
3966,4168,26
3967,4169,26
3968,4170,26
3969,4171,26
3970,4172,26
3971,4173,26
3972,4174,26
3973,4175,26
3974,4176,26
3975,4177,26
3976,4178,26
3977,4179,26
3978,4180,26
3979,4181,26
3980,4182,125
3981,4182,126
3982,4183,125
3983,4183,126
3984,4184,125
3985,4184,126
3986,4185,125
3987,4185,126
3988,4186,125
3989,4186,126
3990,4187,125
3991,4187,126
3992,4188,125
3993,4188,126
3994,4189,7
3995,4189,126
3996,4190,7
3997,4190,126
3998,4191,126
3999,4191,7
4000,4192,7
4001,4192,126
4002,4193,7
4003,4193,126
4004,4194,7
4005,4194,126
4006,4195,7
4007,4195,126
4008,4196,7
4009,4196,126
4010,4197,7
4011,4197,126
4012,4198,7
4013,4198,126
4014,4199,7
4015,4199,126
4016,4200,7
4017,4200,126
4018,4201,7
4019,4201,126
4020,4202,7
4021,4202,126
4022,4203,7
4023,4203,126
4024,4204,7
4025,4204,126
4026,4205,7
4027,4205,126
4028,4206,7
4029,4206,126
4030,4207,7
4031,4207,126
4032,4208,7
4033,4208,126
4034,4209,126
4035,4210,7
4036,4210,126
4037,4211,7
4038,4211,126
4039,4212,7
4040,4212,126
4041,4213,7
4042,4213,126
4043,4214,7
4044,4214,126
4045,4215,7
4046,4215,126
4047,4216,7
4048,4216,126
4049,4217,7
4050,4217,126
4051,4218,7
4052,4218,126
4053,4219,7
4054,4219,126
4055,4220,7
4056,4220,126
4057,4221,7
4058,4221,126
4059,4222,126
4060,4223,7
4061,4223,126
4062,4224,7
4063,4224,126
4064,4225,126
4065,4225,7
4066,4226,17
4067,4227,17
4068,4228,17
4069,4229,17
4070,4230,17
4071,4231,17
4072,4232,17
4073,4233,17
4074,4234,17
4075,4235,17
4076,4236,17
4077,4237,17
4078,4238,17
4079,4239,17
4080,4240,17
4081,4241,17
4082,4242,17
4083,4243,17
4084,4244,17
4085,4245,17
4086,4246,17
4087,4247,17
4088,4248,17
4089,4249,17
4090,4250,17
4091,4251,17
4092,4252,17
4093,4253,85
4094,4254,85
4095,4255,85
4096,4256,85
4097,4257,85
4098,4258,85
4099,4259,85
4100,4260,85
4101,4268,5
4102,4269,5
4103,4269,95
4104,4270,5
4105,4270,95
4106,4271,5
4107,4271,95
4108,4272,5
4109,4272,95
4110,4273,5
4111,4273,95
4112,4274,5
4113,4274,95
4114,4275,5
4115,4275,95
4116,4276,5
4117,4276,95
4118,4277,5
4119,4277,95
4120,4278,95
4121,4280,5
4122,4280,95
4123,4281,5
4124,4281,95
4125,4282,5
4126,4282,95
4127,4283,5
4128,4283,95
4129,4284,24
4130,4285,24
4131,4285,127
4132,4286,24
4133,4286,127
4134,4287,24
4135,4287,127
4136,4288,24
4137,4288,127
4138,4289,24
4139,4289,127
4140,4290,24
4141,4290,127
4142,4291,24
4143,4291,127
4144,4292,24
4145,4292,127
4146,4293,24
4147,4293,127
4148,4294,24
4149,4294,127
4150,4295,24
4151,4295,127
4152,4296,24
4153,4296,127
4154,4297,24
4155,4297,127
4156,4298,24
4157,4298,127
4158,4299,34
4159,4300,34
4160,4301,34
4161,4302,34
4162,4303,34
4163,4304,34
4164,4305,34
4165,4306,34
4166,4307,34
4167,4308,34
4168,4309,34
4169,4310,34
4170,4311,34
4171,4312,34
4172,4313,34
4173,4314,34
4174,4315,68
4175,4315,75
4176,4316,97
4177,4317,97
4178,4318,97
4179,4319,97
4180,4320,97
4181,4321,97
4182,4322,97
4183,4323,97
4184,4324,97
4185,4325,97
4186,4326,97
4187,4327,97
4188,4328,97
4189,4329,97
4190,4330,97
4191,4331,97
4192,4332,97
4193,4333,97
4194,4334,68
4195,4334,75
4196,4335,68
4197,4335,75
4198,4336,68
4199,4336,75
4200,4337,68
4201,4337,75
4202,4338,68
4203,4338,75
4204,4339,68
4205,4339,75
4206,4340,68
4207,4340,75
4208,4341,68
4209,4341,75
4210,4342,68
4211,4342,75
4212,4343,68
4213,4343,75
4214,4344,68
4215,4344,75
4216,4345,68
4217,4345,75
4218,4346,68
4219,4346,75
4220,4347,68
4221,4347,75
4222,4348,68
4223,4348,75
4224,4349,68
4225,4349,75
4226,4350,68
4227,4350,75
4228,4351,69
4229,4352,69
4230,4352,128
4231,4353,69
4232,4353,128
4233,4354,69
4234,4354,128
4235,4355,69
4236,4355,128
4237,4356,69
4238,4356,128
4239,4357,69
4240,4357,128
4241,4358,69
4242,4358,128
4243,4359,69
4244,4359,128
4245,4360,69
4246,4360,128
4247,4361,69
4248,4361,128
4249,4362,69
4250,4362,128
4251,4363,69
4252,4363,128
4253,4364,69
4254,4364,128
4255,4365,69
4256,4365,128
4257,4366,69
4258,4366,128
4259,4367,58
4260,4367,66
4261,4368,58
4262,4368,66
4263,4369,58
4264,4369,66
4265,4370,58
4266,4370,66
4267,4370,129
4268,4371,58
4269,4371,66
4270,4371,129
4271,4372,58
4272,4372,66
4273,4372,129
4274,4373,58
4275,4373,66
4276,4373,129
4277,4374,58
4278,4374,66
4279,4374,129
4280,4375,58
4281,4375,66
4282,4375,129
4283,4376,58
4284,4376,66
4285,4376,129
4286,4377,58
4287,4377,66
4288,4377,129
4289,4378,58
4290,4378,66
4291,4378,129
4292,4379,58
4293,4379,66
4294,4379,129
4295,4380,58
4296,4380,66
4297,4380,129
4298,4381,58
4299,4381,66
4300,4381,129
4301,4382,58
4302,4382,66
4303,4382,129
4304,4383,58
4305,4383,66
4306,4383,129
4307,4384,58
4308,4384,66
4309,4384,129
4310,4385,58
4311,4385,66
4312,4385,129
4313,4386,25
4314,4386,102
4315,4387,25
4316,4387,102
4317,4388,25
4318,4388,102
4319,4389,25
4320,4389,102
4321,4390,25
4322,4390,102
4323,4391,25
4324,4391,102
4325,4392,25
4326,4392,102
4327,4393,25
4328,4393,102
4329,4394,25
4330,4394,102
4331,4395,25
4332,4395,102
4333,4396,25
4334,4396,102
4335,4397,25
4336,4397,102
4337,4398,25
4338,4398,102
4339,4399,25
4340,4399,102
4341,4400,25
4342,4400,102
4343,4401,25
4344,4401,102
4345,4402,25
4346,4402,102
4347,4403,25
4348,4403,102
4349,4404,25
4350,4404,102
4351,4405,25
4352,4405,102
4353,4406,25
4354,4406,102
4355,4407,25
4356,4407,102
4357,4408,25
4358,4408,102
4359,4409,25
4360,4409,102
4361,4410,25
4362,4410,102
4363,4411,25
4364,4411,102
4365,4412,25
4366,4412,102
4367,4413,25
4368,4413,102
4369,4414,4
4370,4414,43
4371,4415,4
4372,4415,43
4373,4416,4
4374,4416,43
4375,4417,43
4376,4418,4
4377,4418,43
4378,4419,4
4379,4419,43
4380,4420,43
4381,4421,4
4382,4421,43
4383,4422,4
4384,4422,43
4385,4423,4
4386,4423,43
4387,4424,4
4388,4424,43
4389,4425,43
4390,4426,4
4391,4426,43
4392,4427,4
4393,4427,43
4394,4428,28
4395,4429,28
4396,4430,28
4397,4431,28
4398,4432,28
4399,4433,28
4400,4434,28
4401,4435,28
4402,4436,28
4403,4437,28
4404,4438,28
4405,4439,28
4406,4440,28
4407,4441,28
4408,4442,28
4409,4443,28
4410,4444,28
4411,4445,28
4412,4446,28
4413,4447,28
4414,4448,28
4415,4449,94
4416,4450,94
4417,4451,94
4418,4452,94
4419,4453,94
4420,4454,94
4421,4455,94
4422,4456,94
4423,4457,94
4424,4458,94
4425,4459,94
4426,4460,94
4427,4461,94
4428,4462,94
4429,4463,94
4430,4464,94
4431,4465,94
4432,4466,94
4433,4467,94
4434,4468,94
4435,4469,94
4436,4470,94
4437,4471,94
4438,4472,94
4439,4473,94
4440,4474,103
4441,4474,111
4442,4475,103
4443,4475,111
4444,4476,111
4445,4477,103
4446,4477,111
4447,4478,103
4448,4478,111
4449,4479,103
4450,4479,111
4451,4480,103
4452,4480,111
4453,4481,103
4454,4481,111
4455,4482,103
4456,4482,111
4457,4483,103
4458,4483,111
4459,4484,103
4460,4484,111
4461,4485,103
4462,4485,111
4463,4486,103
4464,4486,111
4465,4487,103
4466,4488,103
4467,4488,111
4468,4489,103
4469,4489,111
4470,4490,103
4471,4490,111
4472,4491,103
4473,4491,111
4474,4493,130
4475,4494,130
4476,4495,130
4477,4496,130
4478,4497,130
4479,4498,130
4480,4499,130
4481,4500,130
4482,4501,130
4483,4502,39
4484,4503,39
4485,4504,39
4486,4505,39
4487,4506,39
4488,4507,112
4489,4508,112
4490,4509,112
4491,4510,112
4492,4511,112
4493,4512,112
4494,4513,2
4495,4514,2
4496,4515,2
4497,4516,2
4498,4517,87
4499,4518,87
4500,4519,87
4501,4520,87
4502,4521,87
4503,4522,87
4504,4523,87
4505,4524,87
4506,4525,87
4507,4526,87
4508,4527,94
4509,4528,94
4510,4529,94
4511,4530,94
4512,4531,94
4513,4532,94
4514,4533,4
4515,4534,4
4516,4535,4
4517,4536,4
4518,4537,4
4519,4538,4
4520,4539,4
4521,4540,4
4522,4541,6
4523,4541,95
4524,4542,95
4525,4543,7
4526,4543,96
4527,4544,7
4528,4544,96
4529,4545,8
4530,4545,75
4531,4546,8
4532,4546,75
4533,4547,8
4534,4547,75
4535,4548,97
4536,4549,97
4537,4550,97
4538,4551,97
4539,4552,107
4540,4552,114
4541,4553,107
4542,4553,114
4543,4554,107
4544,4554,114
4545,4555,107
4546,4555,114
4547,4556,131
4548,4556,132
4549,4557,131
4550,4557,132
4551,4558,131
4552,4558,132
4553,4559,131
4554,4559,132
4555,4560,131
4556,4560,132
4557,4561,15
4558,4562,15
4559,4563,15
4560,4564,15
4561,4565,15
4562,4566,15
4563,4567,15
4564,4568,15
4565,4569,16
4566,4570,16
4567,4571,16
4568,4572,16
4569,4573,16
4570,4574,16
4571,4575,16
4572,4576,17
4573,4577,17
4574,4578,17
4575,4579,17
4576,4580,17
4577,4581,17
4578,4582,18
4579,4583,18
4580,4584,18
4581,4585,18
4582,4586,19
4583,4587,19
4584,4588,19
4585,4589,19
4586,4590,66
4587,4590,91
4588,4591,66
4589,4591,91
4590,4592,66
4591,4592,91
4592,4593,66
4593,4593,91
4594,4594,66
4595,4594,91
4596,4597,66
4597,4597,91
4598,4598,66
4599,4598,91
4600,4599,66
4601,4599,91
4602,4600,85
4603,4600,86
4604,4600,88
4605,4601,85
4606,4601,86
4607,4601,88
4608,4602,85
4609,4602,86
4610,4602,86
4611,4602,88
4612,4603,85
4613,4603,86
4614,4603,88
4615,4604,85
4616,4604,86
4617,4604,88
4618,4605,100
4619,4606,100
4620,4607,100
4621,4608,100
4622,4609,100
4623,4610,100
4624,4611,100
4625,4612,100
4626,4613,100
4627,4614,100
4628,4615,108
4629,4616,108
4630,4617,108
4631,4618,108
4632,4619,108
4633,4621,108
4634,4622,25
4635,4623,25
4636,4624,25
4637,4625,25
4638,4626,26
4639,4626,133
4640,4626,134
4641,4627,26
4642,4627,133
4643,4627,134
4644,4628,26
4645,4628,133
4646,4628,134
4647,4629,26
4648,4629,133
4649,4629,134
4650,4630,26
4651,4630,133
4652,4630,134
4653,4631,26
4654,4631,133
4655,4631,134
4656,4632,83
4657,4632,84
4658,4633,83
4659,4633,84
4660,4634,55
4661,4635,55
4662,4636,55
4663,4637,55
4664,4638,55
4665,4639,55
4666,4640,55
4667,4641,55
4668,4642,28
4669,4643,28
4670,4644,28
4671,4645,28
4672,4646,111
4673,4647,111
4674,4648,111
4675,4649,111
4676,4650,33
4677,4651,33
4678,4652,33
4679,4653,33
4680,4654,33
4681,4655,33
4682,4656,33
4683,4657,34
4684,4658,34
4685,4659,34
4686,4660,34
4687,4661,34
4688,4662,38
4689,4663,38
4690,4664,38
4691,4665,38
4692,4666,38
4693,4667,38
4694,4668,38
4695,4669,39
4696,4669,93
4697,4670,39
4698,4670,93
4699,4671,39
4700,4671,93
4701,4672,39
4702,4672,93
4703,4673,39
4704,4673,93
4705,4674,39
4706,4674,93
4707,4675,39
4708,4675,93
4709,4676,39
4710,4676,93
4711,4677,39
4712,4677,93
4713,4678,39
4714,4678,93
4715,4679,104
4716,4680,104
4717,4681,104
4718,4682,104
4719,4683,104
4720,4684,16
4721,4542,6
4722,4605,135
4723,4606,135
4724,4607,135
4725,4608,135
4726,4609,135
4727,4610,135
4728,4611,135
4729,4612,135
4730,4613,135
4731,4614,135
4732,4685,116
4733,4686,116
4734,4056,118
4735,4687,71
4736,4688,71
4737,4689,15
4738,4690,118
4739,4690,98
4740,4691,118
4741,4691,98
4742,4692,118
4743,4692,98
4744,4693,118
4745,4693,98
4746,4694,119
4747,4694,2
4748,4694,120
4749,4695,119
4750,4695,2
4751,4695,120
4752,4696,119
4753,4696,2
4754,4696,120
4755,4697,119
4756,4697,2
4757,4697,120
4758,4698,119
4759,4698,2
4760,4698,120
4761,4208,55
4762,4209,55
4763,4210,55
4764,4211,55
4765,4212,55
4766,4213,55
4767,4214,55
4768,4215,55
4769,4216,55
4770,4217,55
4771,4218,55
4772,4219,55
4773,4220,55
4774,4221,55
4775,4222,55
4776,4224,55
4777,4225,55
4778,4284,127
4779,4350,128
4780,4351,128
4781,4367,129
4782,4368,129
4783,4369,129
4784,4417,4
4785,4420,4
4786,4425,4
4787,4476,103
4788,4487,111
4789,4492,130
4790,4699,121
4791,4700,121
4792,4701,121
4793,4702,122
4794,4702,123
4795,4702,52
4796,4703,122
4797,4703,123
4798,4703,52
4799,4704,122
4800,4704,123
4801,4704,52
4802,4705,124
4803,4705,30
4804,4706,124
4805,4706,30
4806,4707,124
4807,4707,30
4808,4708,7
4809,4708,126
4810,4709,7
4811,4709,126
4812,4710,55
4813,4711,55
4814,4712,17
4815,4713,17
4816,4714,17
4817,4715,17
4818,4716,85
4819,4717,85
4820,4718,85
4821,4719,85
4822,4720,85
4823,4721,85
4824,4722,85
4825,4723,85
4826,4724,85
4827,4725,85
4828,4726,85
4829,4727,85
4830,4728,85
4831,4729,85
4832,4730,5
4833,4730,95
4834,4731,5
4835,4731,95
4836,4732,5
4837,4732,95
4838,4733,5
4839,4733,95
4840,4734,5
4841,4734,95
4842,4735,5
4843,4735,95
4844,4736,5
4845,4736,95
4846,4737,5
4847,4737,95
4848,4738,5
4849,4738,95
4850,4739,5
4851,4739,95
4852,4740,127
4853,4740,24
4854,4741,127
4855,4741,24
4856,4742,127
4857,4742,24
4858,4743,127
4859,4743,24
4860,4744,127
4861,4744,24
4862,4745,127
4863,4745,24
4864,4746,127
4865,4746,24
4866,4747,127
4867,4747,24
4868,4748,34
4869,4749,34
4870,4750,75
4871,4750,68
4872,4751,75
4873,4751,68
4874,4752,75
4875,4752,68
4876,4753,75
4877,4753,68
4878,4754,97
4879,4755,97
4880,4756,97
4881,4757,97
4882,4758,69
4883,4758,128
4884,4759,69
4885,4759,128
4886,4760,58
4887,4760,129
4888,4760,66
4889,4761,58
4890,4761,129
4891,4761,66
4892,4762,58
4893,4762,129
4894,4762,66
4895,4763,58
4896,4763,129
4897,4763,66
4898,4764,58
4899,4764,129
4900,4764,66
4901,4765,25
4902,4765,102
4903,4766,25
4904,4766,102
4905,4767,25
4906,4767,102
4907,4768,25
4908,4768,102
4909,4769,25
4910,4769,102
4911,4770,43
4912,4770,4
4913,4771,43
4914,4771,4
4915,4772,28
4916,4773,28
4917,4774,28
4918,4775,124
4919,4775,30
4920,4776,94
4921,4777,94
4922,4778,94
4923,4779,94
4924,4780,103
4925,4780,111
4926,4781,103
4927,4781,111
4928,4782,130
4929,4783,130
4930,4784,130
4931,4785,39
4932,4947,55
4933,4947,55
4934,4948,65
4935,4950,136
4936,4951,136
4937,4952,136
4938,4953,136
4939,4954,136
4940,4955,136
4941,4956,136
4942,4956,136
4943,4957,136
4944,4958,2
4945,4959,2
4946,4959,2
4947,4962,2
4948,4963,2
4949,4964,2
4950,4965,2
4951,4966,87
4952,4967,87
4953,4968,87
4954,4969,87
4955,4970,87
4956,4971,94
4957,4972,94
4958,4974,94
4959,4974,94
4960,4975,94
4961,4976,94
4962,4977,94
4963,4978,94
4964,4980,4
4965,4981,4
4966,4982,4
4967,4982,4
4968,4983,4
4969,4984,4
4970,4985,4
4971,4986,4
4972,4987,6
4973,4987,95
4974,4988,6
4975,4988,95
4976,4989,7
4977,4990,7
4978,4991,125
4979,4992,8
4980,4992,75
4981,4993,8
4982,4993,75
4983,4994,8
4984,4994,75
4985,4995,97
4986,4996,97
4987,4997,97
4988,4998,97
4989,4999,97
4990,5000,107
4991,5000,114
4992,5001,107
4993,5001,114
4994,5002,107
4995,5002,114
4996,5003,131
4997,5003,132
4998,5004,131
4999,5004,132
5000,5006,131
5001,5006,132
5002,5007,131
5003,5007,132
5004,5008,15
5005,5009,15
5006,5010,15
5007,5010,15
5008,5011,15
5009,5012,15
5010,5013,15
5011,5014,15
5012,5015,15
5013,5016,15
5014,5017,15
5015,5018,16
5016,5019,16
5017,5020,16
5018,5020,16
5019,5021,16
5020,5022,16
5021,5023,17
5022,5024,17
5023,5025,17
